Hymn number,Hymn title,Original hymnal section/category,Original key,Usable MusicXML available,Official score availability,Existing generated harmony,Existing native harmony,Related or duplicate arrangement,Notes about restrictions or structural limitations,Selection status,User notes
1,The Morning Breaks,,C major,Yes,Available,No,No,,,Undecided,
4,Truth Eternal,,D major,Yes,Available,No,No,,,Undecided,
8,Awake and Arise,,E♭ major,Yes,Available,No,No,,,Undecided,
9,"Come, Rejoice",,F major,Yes,Available,No,No,,,Undecided,
11,What Was Witnessed in the Heavens?,,E♭ major,Yes,Available,No,No,,,Undecided,
12,’Twas Witnessed in the Morning Sky,,,No,Restricted,No,No,,Official score restricted; no usable source notation. Not currently eligible for chord generation.,Undecided,
14,Sweet Is the Peace the Gospel Brings,,G major,Yes,Available,No,No,,,Undecided,
15,I Saw a Mighty Angel Fly,,F major,Yes,Available,No,No,,,Undecided,
16,What Glorious Scenes Mine Eyes Behold,,G major,Yes,Available,No,No,,,Undecided,
17,"Awake, Ye Saints of God, Awake!",,C major,Yes,Available,No,No,,,Undecided,
18,The Voice of God Again Is Heard,,F major,Yes,Available,No,No,,,Undecided,
20,"God of Power, God of Right",,A♭ major,Yes,Available,No,No,,,Undecided,
22,We Listen to a Prophet’s Voice,,C major,Yes,Available,No,No,,,Undecided,
23,We Ever Pray for Thee,,D major,Yes,Available,No,No,,,Undecided,
24,God Bless Our Prophet Dear,,D major,Yes,Available,No,No,,,Undecided,
25,Now We’ll Sing with One Accord,,B♭ major,Yes,Available,No,No,,,Undecided,
28,"Saints, Behold How Great Jehovah",,G major,Yes,Available,No,No,,,Undecided,
31,"O God, Our Help in Ages Past",,C major,Yes,Available,No,No,,,Undecided,
32,The Happy Day at Last Has Come,,C major,Yes,Available,No,No,,,Undecided,
33,Our Mountain Home So Dear,,D major,Yes,Available,No,No,,,Undecided,
37,"The Wintry Day, Descending to Its Close",,A♭ major,Yes,Available,No,No,,,Undecided,
38,"Come, All Ye Saints of Zion",,C major,Yes,Available,No,No,,,Undecided,
39,O Saints of Zion,,C major,Yes,Available,No,No,,,Undecided,
40,"Arise, O Glorious Zion",,G major,Yes,Available,No,No,,,Undecided,
41,Let Zion in Her Beauty Rise,,B♭ major,Yes,Available,No,No,,,Undecided,
42,Hail to the Brightness of Zion’s Glad Morning!,,B♭ major,Yes,Available,No,No,,,Undecided,
43,Zion Stands with Hills Surrounded,,D major,Yes,Available,No,No,,,Undecided,
45,Lead Me into Life Eternal,,G major,Yes,Available,No,No,,,Undecided,
46,Glorious Things of Thee Are Spoken,,E♭ major,Yes,Available,No,No,,,Undecided,
47,We Will Sing of Zion,,E♭ major,Yes,Available,No,No,,,Undecided,
48,Glorious Things Are Sung of Zion,,G major,Yes,Available,No,No,,,Undecided,
49,Adam-ondi-Ahman,,E♭ major,Yes,Available,No,No,,,Undecided,
50,"Come, Thou Glorious Day of Promise",,D major,Yes,Available,No,No,,,Undecided,
51,"Sons of Michael, He Approaches",,D major,Yes,Available,No,No,,,Undecided,
53,Let Earth’s Inhabitants Rejoice,,C major,Yes,Available,No,No,,,Undecided,
54,"Behold, the Mountain of the Lord",,,No,Restricted,No,No,,Official score restricted; no usable source notation. Not currently eligible for chord generation.,Undecided,
55,"Lo, the Mighty God Appearing!",,F major,Yes,Available,No,No,,,Undecided,
56,Softly Beams the Sacred Dawning,,D♭ major,Yes,Available,No,No,,,Undecided,
57,We’re Not Ashamed to Own Our Lord,,F major,Yes,Available,No,No,,,Undecided,
61,Raise Your Voices to the Lord,,G major,Yes,Available,No,No,,,Undecided,
63,Great King of Heaven,,C major,Yes,Available,No,No,,,Undecided,
64,On This Day of Joy and Gladness,,G major,Yes,Available,No,No,,,Undecided,
65,"Come, All Ye Saints Who Dwell on Earth",,B♭ major,Yes,Available,No,No,,,Undecided,
69,"All Glory, Laud, and Honor",,C major,Yes,Available,No,No,,,Undecided,
71,With Songs of Praise,,G major,Yes,Available,No,No,,,Undecided,
73,Praise the Lord with Heart and Voice,,B♭ major,Yes,Available,No,No,,,Undecided,
74,Praise Ye the Lord,,F major,Yes,Available,No,No,,,Undecided,
75,In Hymns of Praise,,G major,Yes,Available,No,No,,,Undecided,
76,"God of Our Fathers, We Come unto Thee",,F major,Yes,Available,No,No,,,Undecided,
77,Great Is the Lord,,C major,Yes,Available,No,No,,,Undecided,
79,With All the Power of Heart and Tongue,,C major,Yes,Available,No,No,,,Undecided,
80,"God of Our Fathers, Known of Old",,G major,Yes,Available,No,No,,,Undecided,
86,How Great Thou Art,,,No,Restricted,No,No,,Official score restricted; no usable source notation. Not currently eligible for chord generation.,Undecided,
88,"Great God, Attend While Zion Sings",,A♭ major,Yes,Available,No,No,,,Undecided,
90,From All That Dwell below the Skies,,D major,Yes,Available,No,No,,,Undecided,
91,"Father, Thy Children to Thee Now Raise",,D major,Yes,Available,No,No,,,Undecided,
93,Prayer of Thanksgiving,,D major,Yes,Available,No,No,,,Undecided,
99,"Nearer, Dear Savior, to Thee",,E♭ major,Yes,Available,No,No,,,Undecided,
101,Guide Me to Thee,,E♭ major,Yes,Available,No,No,,,Undecided,
102,"Jesus, Lover of My Soul",,C major,Yes,Available,No,No,,,Undecided,
106,God Speed the Right,,C major,Yes,Available,No,No,,,Undecided,
107,"Lord, Accept Our True Devotion",,C major,Yes,Available,No,No,,,Undecided,
109,The Lord My Pasture Will Prepare,,C major,Yes,Available,No,No,,,Undecided,
110,Cast Thy Burden upon the Lord,,E♭ major,Yes,Available,No,No,,,Undecided,
112,"Savior, Redeemer of My Soul",,D major,Yes,Available,No,No,,,Undecided,
115,"Come, Ye Disconsolate",,C major,Yes,Available,No,No,,,Undecided,
118,Ye Simple Souls Who Stray,,A♭ major,Yes,Available,No,No,,,Undecided,
119,"Come, We That Love the Lord",,F major,Yes,Available,No,No,,,Undecided,
120,Lean on My Ample Arm,,D major,Yes,Available,No,No,,,Undecided,
121,"I’m a Pilgrim, I’m a Stranger",,E♭ major,Yes,Available,No,No,,,Undecided,
122,Though Deepening Trials,,D major,Yes,Available,No,No,,,Undecided,
123,"Oh, May My Soul Commune with Thee",,C major,Yes,Available,No,No,,,Undecided,
124,"Be Still, My Soul",,,No,Restricted,No,No,,Official score restricted; no usable source notation. Not currently eligible for chord generation.,Undecided,
126,"How Long, O Lord Most Holy and True",,E minor,Yes,Available,No,No,,Catalog mode override: Source declares major. Opening and final sustained triads both establish E minor (E-G-B); minor mode override matches the source harmony without changing score bytes.,Undecided,
128,When Faith Endures,,C major,Yes,Available,No,No,,,Undecided,
132,God Is in His Holy Temple,,G major,Yes,Available,No,No,,,Undecided,
133,Father in Heaven,,G major,Yes,Available,No,No,,,Undecided,
135,My Redeemer Lives,,G major,Yes,Available,No,No,,,Undecided,
137,Testimony,,D major,Yes,Available,No,No,,,Undecided,
138,"Bless Our Fast, We Pray",,D major,Yes,Available,No,No,,,Undecided,
139,In Fasting We Approach Thee,,C major,Yes,Available,No,No,,,Undecided,
146,Gently Raise the Sacred Strain,,G major,Yes,Available,No,No,,,Undecided,
148,Sabbath Day,,E♭ major,Yes,Available,No,No,,,Undecided,
150,O Thou Kind and Gracious Father,,D major,Yes,Available,No,No,,,Undecided,
151,"We Meet, Dear Lord",,E♭ major,Yes,Available,No,No,,,Undecided,
154,"Father, This Hour Has Been One of Joy",,E♭ major,Yes,Available,No,No,,,Undecided,
155,We Have Partaken of Thy Love,,A♭ major,Yes,Available,No,No,,,Undecided,
157,"Thy Spirit, Lord, Has Stirred Our Souls",,E♭ major,Yes,Available,No,No,,,Undecided,
158,"Before Thee, Lord, I Bow My Head",,G major,Yes,Available,No,No,,,Undecided,
159,Now the Day Is Over,,A♭ major,Yes,Available,No,No,,,Undecided,
160,Softly Now the Light of Day,,E♭ major,Yes,Available,No,No,,,Undecided,
161,The Lord Be with Us,,F major,Yes,Available,No,No,,,Undecided,
162,"Lord, We Come before Thee Now",,G minor,Yes,Available,No,No,,Catalog mode override: Source declares major. Opening and final sustained triads both establish G minor (G-B-flat-D); minor mode override matches the source harmony without changing score bytes.,Undecided,
164,"Great God, to Thee My Evening Song",,D major,Yes,Available,No,No,,,Undecided,
167,"Come, Let Us Sing an Evening Hymn",,F major,Yes,Available,No,No,,,Undecided,
168,As the Shadows Fall,,D♭ major,Yes,Available,No,No,,,Undecided,
171,With Humble Heart,,E♭ major,Yes,Available,No,No,,,Undecided,
176,’Tis Sweet to Sing the Matchless Love,,G major,Yes,Available,No,No,,,Undecided,
177,’Tis Sweet to Sing the Matchless Love,,E♭ major,Yes,Available,No,No,,,Undecided,
178,O Lord of Hosts,,A♭ major,Yes,Available,No,No,,,Undecided,
179,"Again, Our Dear Redeeming Lord",,E♭ major,Yes,Available,No,No,,,Undecided,
182,We’ll Sing All Hail to Jesus’ Name,,B♭ major,Yes,Available,No,No,,,Undecided,
183,In Remembrance of Thy Suffering,,C major,Yes,Available,No,No,,,Undecided,
186,Again We Meet around the Board,,G major,Yes,Available,No,No,,,Undecided,
188,"Thy Will, O Lord, Be Done",,C major,Yes,Available,No,No,,,Undecided,
189,"O Thou, Before the World Began",,D major,Yes,Available,No,No,,,Undecided,
190,In Memory of the Crucified,,D major,Yes,Available,No,No,,,Undecided,
216,We Are Sowing,,E♭ major,Yes,Available,No,No,,,Undecided,
218,We Give Thee But Thine Own,,G major,Yes,Available,No,No,,,Undecided,
219,Because I Have Been Given Much,,,No,Restricted,No,No,,Official score restricted; no usable source notation. Not currently eligible for chord generation.,Undecided,
222,"Hear Thou Our Hymn, O Lord",,D major,Yes,Available,No,No,,,Undecided,
224,I Have Work Enough to Do,,D major,Yes,Available,No,No,,,Undecided,
231,"Father, Cheer Our Souls Tonight",,D major,Yes,Available,No,No,,,Undecided,
234,"Jesus, Mighty King in Zion",,C major,Yes,Available,No,No,,,Undecided,
235,Should You Feel Inclined to Censure,,G major,Yes,Available,No,No,,,Undecided,
236,"Lord, Accept into Thy Kingdom",,D major,Yes,Available,No,No,,,Undecided,
238,"Behold Thy Sons and Daughters, Lord",,G major,Yes,Available,No,No,,,Undecided,
240,"Know This, That Every Soul Is Free",,G major,Yes,Available,No,No,,,Undecided,
245,This House We Dedicate to Thee,,F major,Yes,Available,No,No,,,Undecided,
247,"We Love Thy House, O God",,C major,Yes,Available,No,No,,,Undecided,
248,"Up, Awake, Ye Defenders of Zion",,F major,Yes,Available,No,No,,,Undecided,
253,Like Ten Thousand Legions Marching,,E♭ major,Yes,Available,No,No,,,Undecided,
257,Rejoice! A Glorious Sound Is Heard,,F major,Yes,Available,No,No,,,Undecided,
261,Thy Servants Are Prepared,,G major,Yes,Available,No,No,,,Undecided,
262,"Go, Ye Messengers of Glory",,E♭ major,Yes,Available,No,No,,,Undecided,
265,"Arise, O God, and Shine",,C major,Yes,Available,No,No,,,Undecided,
267,How Wondrous and Great,,A major,Yes,Available,No,No,,,Undecided,
268,"Come, All Whose Souls Are Lighted",,D major,Yes,Available,No,No,,,Undecided,
269,"Jehovah, Lord of Heaven and Earth",,G major,Yes,Available,No,No,,,Undecided,
271,"Oh, Holy Words of Truth and Love",,B♭ major,Yes,Available,No,No,,,Undecided,
275,Men Are That They Might Have Joy,,G major,Yes,Available,No,No,,,Undecided,
276,Come Away to the Sunday School,,B♭ major,Yes,Available,No,No,,,Undecided,
278,Thanks for the Sabbath School,,F major,Yes,Available,No,No,,,Undecided,
279,Thy Holy Word,,E♭ major,Yes,Available,No,No,,,Undecided,
281,Help Me Teach with Inspiration,,D major,Yes,Available,No,No,,,Undecided,
282,We Meet Again in Sabbath School,,G major,Yes,Available,No,No,,,Undecided,
283,The Glorious Gospel Light Has Shone,,G major,Yes,Available,No,No,,,Undecided,
285,God Moves in a Mysterious Way,,E♭ major,Yes,Available,No,No,,,Undecided,
286,"Oh, What Songs of the Heart",,G major,Yes,Available,No,No,,,Undecided,
287,"Rise, Ye Saints, and Temples Enter",,E♭ major,Yes,Available,No,No,,,Undecided,
288,"How Beautiful Thy Temples, Lord",,D major,Yes,Available,No,No,,,Undecided,
289,Holy Temples on Mount Zion,,D major,Yes,Available,No,No,,,Undecided,
290,"Rejoice, Ye Saints of Latter Days",,B♭ major,Yes,Available,No,No,,,Undecided,
291,Turn Your Hearts,,E♭ major,Yes,Available,No,No,,,Undecided,
293,Each Life That Touches Ours for Good,,E♭ major,Yes,Available,No,No,,,Undecided,
295,O Love That Glorifies the Son,,D major,Yes,Available,No,No,,,Undecided,
296,"Our Father, by Whose Name",,F major,Yes,Available,No,No,,,Undecided,
297,From Homes of Saints Glad Songs Arise,,E♭ major,Yes,Available,No,No,,,Undecided,
299,Children of Our Heavenly Father,,,No,Restricted,No,No,,Official score restricted; no usable source notation. Not currently eligible for chord generation.,Undecided,
305,The Light Divine,,E♭ major,Yes,Available,No,No,,,Undecided,
306,God’s Daily Care,,D major,Yes,Available,No,No,,,Undecided,
310,A Key Was Turned in Latter Days,,D major,Yes,Available,No,No,,,Undecided,
311,We Meet Again as Sisters,,D major,Yes,Available,No,No,,,Undecided,
312,We Ever Pray for Thee,,E♭ major,Yes,Available,No,No,,,Undecided,
313,God Is Love,,B♭ major,Yes,Available,No,No,#87 (congregational arrangement); distinct hymn entry,,Undecided,
314,How Gentle God’s Commands,,G major,Yes,Available,No,No,,,Undecided,
315,"Jesus, the Very Thought of Thee",,B♭ major,Yes,Available,No,No,,,Undecided,
316,The Lord Is My Shepherd,,G major,Yes,Available,No,No,#108 (congregational arrangement); distinct hymn entry,,Undecided,
318,Love at Home,,A♭ major,Yes,Available,No,No,,,Undecided,
320,The Priesthood of Our Lord,,F major,Yes,Available,No,No,,,Undecided,
321,Ye Who Are Called to Labor,,B♭ major,Yes,Available,No,No,,,Undecided,
322,"Come, All Ye Sons of God",,B♭ major,Yes,Available,No,No,,,Undecided,
323,"Rise Up, O Men of God",,B♭ major,Yes,Available,No,No,,,Undecided,
324,"Rise Up, O Men of God",,B♭ major,Yes,Available,No,No,,,Undecided,
325,See the Mighty Priesthood Gathered,,B♭ major,Yes,Available,No,No,,,Undecided,
326,"Come, Come, Ye Saints",,C major,Yes,Available,No,No,,,Undecided,
327,"Go, Ye Messengers of Heaven",,A♭ major,Yes,Available,No,No,,,Undecided,
329,Thy Servants Are Prepared,,A♭ major,Yes,Available,No,No,,,Undecided,
330,"See, the Mighty Angel Flying",,A♭ major,Yes,Available,No,No,,,Undecided,
331,"Oh Say, What Is Truth?",,B♭ major,Yes,Available,No,No,,,Undecided,
332,"Come, O Thou King of Kings",,C major,Yes,Available,No,No,#59 (congregational arrangement); distinct hymn entry,,Undecided,
333,High on the Mountain Top,,A♭ major,Yes,Available,No,No,#5 (congregational arrangement); distinct hymn entry,,Undecided,
334,I Need Thee Every Hour,,A♭ major,Yes,Available,No,No,,,Undecided,
335,Brightly Beams Our Father’s Mercy,,G major,Yes,Available,No,No,,,Undecided,
336,School Thy Feelings,,A♭ major,Yes,Available,No,No,,,Undecided,
337,O Home Beloved,,C major,Yes,Available,No,No,,,Undecided,
338,America the Beautiful,,C major,Yes,Available,No,No,,,Undecided,
339,"My Country, ’Tis of Thee",,F major,Yes,Available,No,No,,,Undecided,
340,The Star-Spangled Banner,,A♭ major,Yes,Available,No,No,,,Undecided,
341,God Save the King,,F major,Yes,Available,No,No,,,Undecided,
